Name,Industry,Functional Area,Experience (Years),Expected Salary
Bryan Jensen,Insurance,Site Engineering,13,40411
Tara Jones,Retail Wholesale,Purchase / Logistics / Supply Chain,29,68599
Linda Wright,Advertising,Other,3,31488
Brad Booth,Fresher Trainee,Other,21,59456
Alexander Hines,Aviation Aerospace,Design,25,45277
Brenda Steele,Telecom ISP,Site Engineering,4,61409
Jason Park,Fresher Trainee,Design,17,132543
Karen Thomas,Publishing,Purchase / Logistics / Supply Chain,13,144133
Stephanie Rush,Consumer Electronics,Telecom Software,28,100112
Cassandra Johnson,Accounting Finance,Purchase / Logistics / Supply Chain,6,81969
Hunter Brewer,Consumer Electronics,ITES,30,85434
Christopher Kelly,Animation Gaming,ERP,0,111718
Jacob Wright,NGO Social,Beauty / Fitness / Spa Services,7,114337
Spencer Thomas,IT-Software Software,Engineering Design,10,118065
Mary Chapman,Printing Packaging,Accounts,6,121472
Russell Garrison,Aviation Aerospace,Strategy,0,87470
David Allen,IT-Software Software,Export,15,42686
Jessica Johnson,Electricals Switchgears,Strategy,16,76918
Stephanie West,Aviation Aerospace,Legal,16,46407
Lisa Welch,IT-Hardware &,Network Administration,5,114769
Ethan Velazquez,Energy,Network Administration,27,115960
April Walters,FMCG Foods,Teaching,15,35064
Ashley Davis MD,Insurance,Travel,23,47242
Robert Shaw,Energy,IT Hardware,29,76867
Steven Edwards,Energy,Site Engineering,3,50136
Michaela Terrell,Aviation Aerospace,CSR & Sustainability,21,95616
David Evans,Internet Ecommerce,Top Management,8,103328
Teresa Anderson,BPO Call,Engineering Design,30,117932
William Roberts,Advertising,Telecom Software,23,86190
Marc Fischer,KPO Research,Engineering Design,11,132901
Rachael Ferguson,BPO Call,Marketing,21,57450
Scott Gates,Media,Production,4,89441
John Smith,Advertising,Strategy,4,30666
Priscilla Holmes,Advertising,QA & Testing,30,30405
Sandra Shelton,NGO Social,ERP,24,87229
Andrew Taylor,Education,Export,21,141122
Gregory Thomas,Architecture Interior,Other,24,84118
Ronald Stevens,Pharma Biotech,Site Engineering,9,40374
Sarah Sanchez,NGO Social,Journalism,11,95118
Jennifer Bond,Security Law,Sales,16,140600
Victor Rosales,Energy,Supply Chain,17,46513
Susan Jordan,Architecture Interior,Medical,13,50297
Melissa Galvan,Recruitment,Executive Assistant,10,63972
Ashley Johnson,Media,ERP,19,131193
Jasmine Wang,Animation Gaming,Telecom Software,14,133131
Jennifer Davenport,Textiles Garments,Production,19,106337
Jamie Houston,Banking Financial,DBA,9,119548
Julie Sanchez,Printing Packaging,Analytics & Business Intelligence,13,80009
Jeanette Berry,Export Import,Other,23,41015
Tyler Griffin,Real Estate,Application Programming,7,121127
Stephanie Ortega,Fresher Trainee,ERP,30,118972
Angela Zamora,Insurance,Purchase / Logistics / Supply Chain,28,118948
Jacob Lopez,FMCG Foods,Export,11,40148
Richard King,Internet Ecommerce,Network Administration,27,111491
Richard Smith,Education,Design,9,141295
Kenneth Cobb,Chemicals PetroChemical,Supply Chain,11,134635
Joseph Jones,Pharma Biotech,QA & Testing,17,49426
Chelsea Wright,Facility Management,Export,0,77740
Whitney Hernandez,Accounting Finance,Architecture,4,122446
Amanda Williams,Telecom ISP,Engineering Design,21,37052
Mike Acevedo,Iron and,IT Hardware,8,146983
Jason Alexander,Advertising,Travel,22,79888
Dawn Riley,IT-Software Software,Site Engineering,0,38976
Jordan Johnson,Consumer Electronics,IT Hardware,11,40147
Michael Hawkins,Construction Engineering,Application Programming,18,49012
Natalie Floyd,Publishing,Hotels,25,144685
Megan Anderson,Security Law,Top Management,18,97030
Kimberly Lopez,IT-Hardware &,Legal,4,79470
Christopher Garcia,Facility Management,Medical,3,70176
Michelle Moore,Construction Engineering,Architecture,17,37285
Thomas Blanchard,Energy,Beauty / Fitness / Spa Services,10,125131
Russell Hooper,Accounting Finance,Journalism,13,58983
Alisha Abbott,Strategy Management,Network Administration,13,74914
Anna Castillo,Medical Healthcare,Beauty / Fitness / Spa Services,9,54748
Natalie Gonzalez,Publishing,Other,3,65432
Zachary Harvey,Real Estate,Other Employment Type: Full Time,20,57346
Samuel Hobbs,Security Law,DBA,19,103757
Jill King,Construction Engineering,CSR & Sustainability,22,133274
Stanley Hughes,KPO Research,Network Administration,6,35603
Christina Knight,Consumer Electronics,Embedded,2,105188
Kaitlyn Newman,Banking Financial,Analytics & Business Intelligence,13,44991
Jacqueline Garcia,Wellness Fitness,Other,4,84519
Theresa Silva,Automobile Auto,Sales,14,102696
Kathryn Farrell,Industrial Products,Analytics & Business Intelligence,6,88634
Jason Pruitt,KPO Research,Marketing,28,48224
Jessica Ford,Consumer Electronics,Accounts,30,65074
Ashley Armstrong,Export Import,Hotels,27,94734
Kevin Lewis,Facility Management,Mobile,9,65912
Kelly Burton,Accounting Finance,Beauty / Fitness / Spa Services,9,126837
Arthur Russo,Telcom ISP,Medical,25,32467
Amber Warren,Insurance,HR,22,148268
Julia Reed,Recruitment,ERP,6,50860
Jack Higgins,Publishing,Journalism,5,58661
Alexander Doyle Jr.,Internet Ecommerce,ERP,0,59475
Kathy Davis,Travel Hotels,Supply Chain,26,60978
Heather Peters,Banking Financial,HR,24,125998
Jesus Taylor,Textiles Garments,Teaching,27,145893
Pamela Diaz,Education Teaching,Design,15,48558
Janet Ross,Electricals Switchgears,Supply Chain,16,124911
Tonya Welch,Pharma Biotech,Journalism,1,106926
Daniel Williams,Consumer Electronics,Strategy,1,56972
Mark Cantrell,Telcom ISP,HR,9,46084
Randall Vasquez,Architecture Interior,eCommerce,14,30441
Leah Jones,Chemicals PetroChemical,DBA,4,63961
Kimberly Jones,Security Law,Network Administration,24,149925
Katherine Austin,Banking Financial,Other,3,34499
Sara Grimes,Consumer Electronics,Marketing,8,142290
Paul Burns,Export Import,Other,1,55076
Erica Carroll,Insurance,Network Administration,30,55638
Patricia Mitchell,Telecom ISP,Other,30,72725
Richard Osborne,KPO Research,IT Hardware,2,111185
Steven Valdez,Printing Packaging,DBA,2,129201
Dr. Nicholas Hernandez,Education,Other,10,67244
Maria Stevens,Banking Financial,System Programming,23,77352
Deborah Gomez,Travel Hotels,IT Hardware,26,108178
Michelle Harper,Logistics,Marketing,16,43110
Diane Maldonado,Telecom ISP,Strategy,28,126743
Debbie Jones,Aviation Aerospace,eCommerce,5,85593
Judith Ward,Education Teaching,Top Management,10,43092
Rebecca Petty,Banking Financial,Top Management,11,105104
Joshua Martinez,Education,Beauty / Fitness / Spa Services,8,55289
Alexander Hanna,IT-Hardware &,ITES,12,73873
Theresa Hicks,Real Estate,Supply Chain,18,48649
Ashley Diaz,FMCG Foods,CSR & Sustainability,27,145803
Ms. Ashley Gray,Logistics,Network Administration,4,33215
Nancy Velez,Telcom ISP,Marketing,5,32980
Laura Barber,IT-Software Software,Embedded,29,145254
Crystal Hughes,Textiles Garments,Accounts,17,44392
Jean Brown,Accounting Finance,CSR & Sustainability,12,115111
Christy Hill,Education,Telecom Software,3,59272
Brad Wood,Medical Healthcare,CSR & Sustainability,6,91583
Vincent Rice,Real Estate,Engineering Design,25,41292
Nicholas Taylor,Education Teaching,Purchase / Logistics / Supply Chain,13,69871
Shaun Clark,Travel Hotels,Financial Services,27,65894
Charles Harmon,KPO Research,Hotels,29,60183
Ryan Padilla,Chemicals PetroChemical,ITES,0,105939
Jacqueline Rivas,Textiles Garments,IT Hardware,13,91698
Gregory Brooks,Wellness Fitness,Travel,7,138151
Patricia Matthews,Consumer Electronics,Other,23,145581
James Thompson,Other,Hotels,1,52188
Jennifer Proctor,IT-Software Software,Other Employment Type: Full Time,3,102738
Kimberly Walker,Architecture Interior,DBA,13,30243
Peter Wilson,Logistics,Journalism,7,47892
Shane Kim,Electricals Switchgears,DBA,30,50918
William Small,Telecom ISP,ERP,22,70330
Carl Carter,IT-Software Software,Network Administration,23,30925
Gary Soto,Retail Wholesale,Other,9,146699
Russell Diaz,Logistics,CSR & Sustainability,29,99450
David Wilson,FMCG Foods,Hotels,25,146480
Charles Gonzalez,KPO Research,Architecture,27,31023
Christine Rogers,Real Estate,Accounts,26,112200
Mark Miller,Aviation Aerospace,Other,23,51334
Joshua Moore,Other,Accounts,30,102348
Joseph Duran,FMCG Foods,Medical,10,141236
Miss Susan Smith,Travel Hotels,Marketing,11,53810
Misty Garcia,BPO Call,Hotels,22,81628
Michael James,Strategy Management,ITES,17,132366
Brandy Jones,Consumer Electronics,IT Hardware,0,56378
Kim Jenkins,Printing Packaging,Engineering Design,19,55964
Shawn Stewart,Insurance,ITES,26,89895
Austin Morales,Logistics,ITES,3,146515
Amy Pena,Consumer Electronics,Application Programming,8,122674
Pamela Neal,Pharma Biotech,Hotels,26,124357
Sarah Knight,Animation Gaming,Financial Services,13,39531
Carol Bradley,Automobile Auto,Site Engineering,17,144168
Alejandro Brown,Banking Financial,Strategy,25,83622
Shane Mayo,Accounting Finance,ITES,3,131782
Oscar Rodriguez,Semiconductors Electronics,Network Administration,18,120047
Heather Matthews,Energy,Executive Assistant,6,100979
Cameron Torres,Retail Wholesale,Sales,11,68620
Janet Thomas,FMCG Foods,Network Administration,5,98877
Kathleen Campos,Architecture Interior,eCommerce,7,92537
William Jones,Construction Engineering,Engineering Design,3,39272
Gregory Estes,Pharma Biotech,Financial Services,26,75268
Matthew James,BPO Call,IT Hardware,3,127369
Melissa Lane,IT,Embedded,29,89860
Toni Vincent,Media,ITES,6,144752
Kim Alvarez,Recruitment,Telecom Software,0,108184
Samuel Williams,Iron and,Teaching,0,48295
Catherine Williams,Export Import,Telecom Software,6,147030
Keith Hale,Logistics,Strategy,14,44605
Stacy Pearson,Telecom ISP,System Programming,1,145360
Ryan Jacobs,Animation Gaming,Analytics & Business Intelligence,4,32774
Amy Murphy,Pharma Biotech,eCommerce,16,55119
Meredith Tucker,Security Law,Application Programming,30,53952
Scott Flowers,Accounting Finance,Analytics & Business Intelligence,12,69845
William Conrad,Pharma Biotech,Export,13,116368
Danielle Tran,Medical Healthcare,Top Management,6,127297
Glenn Fields,Telecom ISP,eCommerce,27,87150
Gene Hubbard,Insurance,Production,20,107140
Joshua Johnson,Wellness Fitness,Mobile,24,140446
Christine Sharp,Pharma Biotech,Analytics & Business Intelligence,27,74521
Juan Brooks,NGO Social,Export,18,48694
Joshua Moses,Accounting Finance,Hotels,16,78295
Jennifer Thomas,Chemicals PetroChemical,DBA,28,87826
Gregory Salinas,Retail Wholesale,Mobile,17,52326
Jeffrey Hensley,Printing Packaging,Architecture,26,144957
Kayla Grimes,FMCG Foods,Accounts,22,130111
Adam Carter,Government Defence,Site Engineering,19,107838
Preston Nelson,NGO Social,Analytics & Business Intelligence,20,140824
Christopher Trevino,KPO Research,QA & Testing,30,130089
Nathan Gordon,BPO Call,IT Hardware,14,68044
Ana Harmon,Retail Wholesale,ITES,14,37873
Kimberly Roman,NGO Social,Mobile,17,41138
Bobby Shelton,Textiles Garments,Marketing,14,59810
Mark Khan,Other,Marketing,22,69979
Donna Gibson,Banking Financial,Telecom Software,17,50920
William Tucker,Strategy Management,Mobile,8,142386
Alexander Ballard,Banking Financial,Other,29,145977
Rebecca Rose,Internet Ecommerce,eCommerce,16,59498
Brad Gross,Telcom ISP,Network Administration,30,36990
Paul Jones,Other,HR,11,49307
Megan Mathis,Wellness Fitness,Journalism,6,43978
Megan Graham,Government Defence,CSR & Sustainability,1,29770
Joshua Decker,Construction Engineering,Production,29,42577
Aaron Henderson,Electricals Switchgears,Network Administration,15,67132
Sharon Randolph,Telcom ISP,Telecom Software,4,129746
Natalie Bryant,Chemicals PetroChemical,HR,16,36893
Deborah Carter,Pharma Biotech,Mobile,26,35420
April Cruz,Media,Engineering Design,9,108183
Alexander Levy,Banking Financial,Teaching,20,43855
Robert Mccoy,Medical Healthcare,System Programming,12,88147
Angela Paul,Advertising,Other,17,119256
Kimberly Campbell,Education Teaching,Other Employment Type: Full Time,27,143314
Laura Meza,Construction Engineering,Marketing,8,62627
Christopher Thompson Jr.,Publishing,Network Administration,30,137200
Deborah Quinn,Insurance,Site Engineering,7,50952
Kyle Wright MD,FMCG Foods,Sales,4,37041
Timothy Johnson,Advertising,CSR & Sustainability,8,46332
Robert Davis,FMCG Foods,Production,23,64318
Brian Allen,Government Defence,Architecture,5,143839
Christina Armstrong,FMCG Foods,DBA,28,76547
Shawn Contreras,Other,Legal,0,49346
Chris Roberts,Animation Gaming,eCommerce,30,86942
Julie Mann,KPO Research,Application Programming,28,104258
Joshua Thompson,BPO Call,Beauty / Fitness / Spa Services,27,122488
Michael Fischer,Real Estate,HR,24,66144
Manuel Briggs,Consumer Electronics,Medical,26,107669
Troy Coffey,IT,Legal,24,62672
Monica Lucas,Chemicals PetroChemical,Journalism,14,141595
Paula Reed,Textiles Garments,Architecture,11,91785
Tamara Henry,Textiles Garments,Purchase / Logistics / Supply Chain,3,85104
Barbara Gregory,Pharma Biotech,Other,8,88775
Sarah Shaw,Electricals Switchgears,IT Hardware,16,42842
Keith Leonard,Export Import,ERP,28,35689
Catherine Olson,Semiconductors Electronics,DBA,21,46234
Linda Scott,Semiconductors Electronics,eCommerce,30,36251
Bryan Smith,IT,Medical,10,99371
Sandra Brown,Construction Engineering,IT Hardware,15,146639
Jennifer Moore,Strategy Management,Strategy,7,64559
Mary Brown,Insurance,Marketing,9,100257
Jason Tucker,IT-Software Software,IT Hardware,13,48876
Robert Stevenson,Medical Healthcare,Other Employment Type: Full Time,16,120075
Valerie Blair,Strategy Management,Legal,7,86909
Maria Miller,FMCG Foods,CSR & Sustainability,3,82948
Kathy Singleton,Travel Hotels,Teaching,3,126898
Lisa Raymond,Logistics,CSR & Sustainability,1,77682
Timothy Gomez,Construction Engineering,Network Administration,3,33559
Kenneth Santos,Real Estate,Network Administration,0,92770
Daniel Ford IV,IT-Software Software,Telecom Software,11,132647
Zachary Gay,Telcom ISP,QA & Testing,3,66095
Kelly Williams,Aviation Aerospace,Engineering Design,14,51271
Daniel Evans,Telcom ISP,QA & Testing,26,141811
Andrew Cole,Aviation Aerospace,Production,27,137393
Linda Garner MD,Internet Ecommerce,Financial Services,18,116148
Mr. Julian Wilson,IT-Software Software,Embedded,10,56616
Patricia Gonzalez,Banking Financial,ERP,3,36810
Lori Duran,Automobile Auto,Purchase / Logistics / Supply Chain,4,143931
James Tate,Electricals Switchgears,DBA,18,95503
Michelle Jennings,Export Import,DBA,1,122444
Steven Goodwin,Education,Mobile,19,66429
Jessica Fleming,Printing Packaging,Teaching,13,98685
Traci Davis,NGO Social,Supply Chain,25,57385
Claire Price,NGO Social,HR,30,144299
Michael Zhang DDS,Telecom ISP,Telecom Software,30,93844
Sherry Mccullough,IT-Hardware &,Journalism,0,76589
Justin Braun,Advertising,Application Programming,24,94082
Toni Walsh,Travel Hotels,Executive Assistant,11,83101
Cheryl Doyle,Electricals Switchgears,Export,20,77419
Amanda Avila,Medical Healthcare,Other,1,128723
Paul Key,IT,DBA,3,147009
Tabitha Johnson,Pharma Biotech,Application Programming,13,48198
Cheryl Soto,Advertising,Other Employment Type: Full Time,18,83421
Brandy Stone,Architecture Interior,eCommerce,30,64363
Meagan Martinez,Education Teaching,Application Programming,24,76256
Joshua Rodriguez,FMCG Foods,DBA,29,52653
Ashley Rodriguez,Automobile Auto,eCommerce,0,135933
Brian Jones,NGO Social,Strategy,26,143109
Robin Gonzalez,KPO Research,HR,24,114459
Steve Lee,Education,Site Engineering,30,65099
Seth Rodriguez,Strategy Management,QA & Testing,24,97385
William Ramsey,Strategy Management,Marketing,30,128664
Terri Jackson,Iron and,ITES,23,120877
James Garcia,Accounting Finance,Marketing,19,144281
Brian Baird,BPO Call,DBA,8,99273
Lori Brown,Strategy Management,Architecture,18,114410
Mark Perez,Energy,Journalism,6,96384
Samantha Jacobson,Telcom ISP,DBA,10,58416
Scott Lee,Chemicals PetroChemical,Other,24,116979
John Little,IT,Travel,16,105018
April Patterson,Strategy Management,IT Hardware,8,82649
Deborah Pena,Telcom ISP,Financial Services,0,100459
Charles Singleton,Publishing,Strategy,1,86351
Stephen King,Energy,Engineering Design,11,55490
Cathy Riley,Electricals Switchgears,Travel,29,94086
Michael Bell,Chemicals PetroChemical,ITES,18,87385
David Dorsey,Export Import,Medical,7,36438
Nicholas Werner,Energy,DBA,0,116433
Eddie Mitchell,Energy,Engineering Design,17,52614
Glenn Gonzalez,Architecture Interior,Top Management,20,52804
Michael Chen,IT-Software Software,IT Hardware,28,34039
Peggy Howard,Semiconductors Electronics,Purchase / Logistics / Supply Chain,19,121026
Jessica Crawford,Telcom ISP,Marketing,28,148552
Paul Williams,Other,Medical,8,97915
Sharon Reese,Architecture Interior,Mobile,24,109703
Isaac Thomas,Consumer Electronics,Mobile,3,59718
Stacie Mayo,Chemicals PetroChemical,DBA,0,92831
Shannon Mueller,Publishing,ERP,4,55792
Charles Kelly,Other,Telecom Software,8,123553
Austin Walsh,BPO Call,Hotels,7,69173
Andrew Adams,Aviation Aerospace,Network Administration,19,64042
Stephanie Jones,Banking Financial,eCommerce,5,117143
Mason Robinson,Pharma Biotech,IT Hardware,0,41142
Madison Soto,IT,Hotels,26,43437
Jessica Taylor,Real Estate,Network Administration,17,59075
Jared Burton,Pharma Biotech,Engineering Design,4,58528
Curtis Francis,Government Defence,ERP,30,50836
Melanie Curtis,Real Estate,Strategy,1,33238
Caitlyn Evans,Media,Mobile,26,80022
Amy Smith,KPO Research,Executive Assistant,6,113774
Janice Conner,Advertising,Architecture,12,98710
Michael Williams,Iron and,Supply Chain,20,88700
Derek Simmons,Semiconductors Electronics,Marketing,5,114961
Eric Mcclure,Banking Financial,Travel,10,37619
Jennifer Stevens,Government Defence,Embedded,29,74083
Jeffrey Simmons,IT,Supply Chain,21,124281
William Green,Printing Packaging,ITES,15,41605
William Ware,Energy,Sales,12,63098
Martha Burns,Banking Financial,HR,9,125601
Gary Smith,Real Estate,Financial Services,29,136451
Denise Hinton,BPO Call,Engineering Design,30,95846
James Villegas,Animation Gaming,QA & Testing,12,147514
Patty Smith,Semiconductors Electronics,Teaching,10,39713
Mr. Daniel Harrison,Pharma Biotech,ITES,25,50049
Deborah Mayer,Strategy Management,CSR & Sustainability,24,56777
Tara Chase,Internet Ecommerce,Teaching,17,99291
Bethany Jones,Aviation Aerospace,Accounts,21,148781
Benjamin Snyder,Fresher Trainee,System Programming,29,47448
Jamie Yates,Architecture Interior,Travel,20,40210
Nicholas Burton,Publishing,Hotels,4,59853
Jaclyn Olson,Energy,IT Hardware,27,36452
Tyler Johnson,Semiconductors Electronics,ITES,28,79041
Robert Mcclain,FMCG Foods,ERP,6,62118
John Johnson,Insurance,QA & Testing,27,55480
Danny Ramirez,Travel Hotels,Journalism,23,99975
Justin Ramsey,Real Estate,Travel,24,105426
Ernest Robinson,Security Law,ITES,21,72967
Natalie Taylor,Media,Mobile,18,101587
Jessica Walsh,Strategy Management,Marketing,14,43041
Aaron Allen,IT-Software Software,Executive Assistant,14,40925
Erin James,Industrial Products,Engineering Design,29,93303
Monica Fischer,Telecom ISP,Top Management,6,145666
Jacob Vasquez,Recruitment,IT Hardware,21,32950
Theodore Stone,Real Estate,IT Hardware,13,117379
Amber Watkins,Medical Healthcare,Teaching,5,39328
Rebecca Sanchez,Education Teaching,Purchase / Logistics / Supply Chain,22,47276
Deborah Singh,Iron and,Legal,6,58721
Angel Sanchez Jr.,Telcom ISP,Other,4,97962
Tanner Fowler,FMCG Foods,Hotels,24,138505
Morgan Hubbard,Industrial Products,eCommerce,1,101621
Eric Galvan,Pharma Biotech,Beauty / Fitness / Spa Services,29,39315
Amber Vasquez,Architecture Interior,Embedded,6,75818
Heather Hughes,Telecom ISP,HR,10,124034
Lindsay Jones,Publishing,Mobile,12,111129
Zachary Brown,Semiconductors Electronics,Application Programming,5,59402
Elizabeth Mckenzie,Fresher Trainee,Other,14,124996
Lisa Macdonald,IT,Other,11,42562
Cole Leonard,Real Estate,IT Hardware,28,114448
Alice Bell,Accounting Finance,Mobile,1,104894
Carol Roberson,Construction Engineering,Purchase / Logistics / Supply Chain,22,83624
Nathaniel Martinez,Banking Financial,Design,17,31633
Brian Chavez,Banking Financial,CSR & Sustainability,12,66201
Joann Baker,Logistics,Marketing,14,127540
Tricia Brown,Accounting Finance,Hotels,2,61075
Jim Jones,Internet Ecommerce,eCommerce,7,42766
Yolanda Parker,Real Estate,Accounts,23,95020
Mario Carter,BPO Call,Other,22,46673
Travis Frost,Other,Top Management,19,112935
Charles Pace,Telecom ISP,Financial Services,3,78632
Kevin Jones MD,Recruitment,ITES,18,33843
Peter King,Pharma Biotech,Mobile,30,136272
Adam Trujillo,Semiconductors Electronics,Engineering Design,15,31152
Valerie Wade,IT,QA & Testing,10,46146
Lori Clay,Internet Ecommerce,IT Hardware,2,105052
Amber Stone,Advertising,Journalism,1,123610
Aaron Lewis,Aviation Aerospace,Journalism,15,129496
Rebecca Crosby,Telcom ISP,Export,4,59132
Jeremiah Wong,Strategy Management,ERP,30,59621
Nicholas Bailey,Strategy Management,Embedded,30,145927
Sarah Higgins,Industrial Products,HR,20,67178
Sheila Carr,Architecture Interior,DBA,12,90047
Alexis Foster,Electricals Switchgears,Analytics & Business Intelligence,24,86347
Amy Parker,Telecom ISP,Export,3,36669
Richard Munoz,Accounting Finance,Accounts,24,31547
Bradley Howard,Logistics,Application Programming,8,128992
Dana Mcguire,Telcom ISP,Telecom Software,19,31192
Mark Horn,NGO Social,Other,26,139056
Cynthia Tucker,IT-Hardware &,DBA,14,35969
Gregory Wright,Chemicals PetroChemical,Architecture,22,57564
Christopher Taylor,Education Teaching,Embedded,16,36679
Amber Smith,Internet Ecommerce,Hotels,30,128107
Cynthia Hall,Architecture Interior,QA & Testing,27,114476
Monique Le,Pharma Biotech,Other,8,137902
Jessica Nichols,Strategy Management,Other Employment Type: Full Time,29,69354
Eric Rogers,BPO Call,Sales,16,45545
Christopher Roy,Aviation Aerospace,Marketing,7,134806
Kristen Turner,Iron and,Executive Assistant,19,127826
Tammie Peterson,Recruitment,Accounts,16,48090
Karen Johnson,BPO Call,Analytics & Business Intelligence,26,122987
Joseph Anderson,BPO Call,Other,8,48075
John Brooks,Accounting Finance,Beauty / Fitness / Spa Services,26,94027
Bradley James,FMCG Foods,Sales,25,46896
Matthew Phillips,Semiconductors Electronics,Beauty / Fitness / Spa Services,24,90981
Anna Fox,Insurance,Other,3,109026
Thomas Brown,Pharma Biotech,Design,14,48993
Phillip Stokes,Fresher Trainee,Other,23,94952
Alicia Little,BPO Call,Telecom Software,14,68170
Zachary Sparks,Real Estate,Hotels,8,133182
Antonio Soto,Accounting Finance,Supply Chain,10,49153
Brian Williams,KPO Research,ITES,27,60505
Karen Hart,Consumer Electronics,Purchase / Logistics / Supply Chain,17,99795
William Spencer,Architecture Interior,Network Administration,27,79716
Patrick Brown,Other,Top Management,25,121901
Michelle Washington,Banking Financial,Teaching,30,74897
Traci Williams,Government Defence,Financial Services,21,113775
Adrian West,Iron and,ERP,3,40092
Linda Molina,Retail Wholesale,Network Administration,6,142071
James Torres,IT-Hardware &,Network Administration,22,113267
Randy Booth,Recruitment,Telecom Software,26,110543
Robert Riddle,Internet Ecommerce,Analytics & Business Intelligence,24,33949
David Cuevas,Accounting Finance,DBA,3,91119
Jeffrey Stewart,FMCG Foods,Network Administration,21,100189
Justin Brown,Internet Ecommerce,Teaching,11,92938
Jennifer Cochran,Animation Gaming,Analytics & Business Intelligence,22,62646
Lisa Smith,Chemicals PetroChemical,Embedded,13,114663
Timothy Collins,Consumer Electronics,Strategy,12,96155
Dana Clark,Electricals Switchgears,Supply Chain,7,43832
Timothy Lopez,Education Teaching,Strategy,13,101043
Robert Clark,Export Import,Beauty / Fitness / Spa Services,24,136133
Monique Brandt,Automobile Auto,Hotels,12,70155
Lawrence Ayala,Animation Gaming,Export,27,102336
Kathy Frazier,Export Import,Export,2,75550
Jo Hicks DDS,Animation Gaming,Application Programming,13,110072
Bryan Price,Strategy Management,HR,26,48249
Brittany Michael,BPO Call,Executive Assistant,18,51927
Melissa Alexander,Chemicals PetroChemical,Analytics & Business Intelligence,4,97374
Bryan Kemp,Retail Wholesale,Executive Assistant,3,135622
Kathryn Oneill,Media,Embedded,30,93869
Jessica Branch,Real Estate,QA & Testing,22,100995
Joseph Avery,Insurance,CSR & Sustainability,13,68488
Bobby Clark,Export Import,Architecture,3,146579
Kristen Sullivan,Logistics,System Programming,8,146907
Sara Robinson,Strategy Management,Supply Chain,6,127564
Christina Rivers,Retail Wholesale,Engineering Design,2,112542
Melissa Park,Telcom ISP,Other,24,133846
Michelle Wilson,NGO Social,CSR & Sustainability,25,37575
Laura Bell,Telcom ISP,Purchase / Logistics / Supply Chain,29,117843
David Lee,Insurance,Marketing,13,38303
David Martinez,Construction Engineering,CSR & Sustainability,18,133402
Mark Contreras,Other,Supply Chain,30,42955
Jordan Robinson,Telecom ISP,Journalism,20,128739
Michael Williams,Wellness Fitness,Network Administration,22,43383
Tyrone Andrews,Chemicals PetroChemical,Network Administration,12,64520
Karen Mitchell,Aviation Aerospace,Engineering Design,22,131734
Patrick Martin,Fresher Trainee,Design,18,74729
Jeremiah Shaw,Logistics,Strategy,26,41656
Yolanda Abbott,Accounting Finance,DBA,13,84387
Jonathan Thomas,Banking Financial,Analytics & Business Intelligence,13,110025
Lauren Humphrey,Medical Healthcare,Journalism,27,93574
Mary Garcia,IT-Software Software,CSR & Sustainability,2,128368
Holly Dillon,BPO Call,Travel,15,122265
Christopher Mccormick,IT,Mobile,13,56720
Caleb White,Aviation Aerospace,Marketing,6,126955
Sandra Morris,Iron and,Design,24,68564
Catherine Wilson,Accounting Finance,HR,11,134272
James Smith,Chemicals PetroChemical,Network Administration,15,76674
Crystal Smith,Banking Financial,Legal,10,130074
Kelly Rice,Media,Network Administration,1,127059
Tim Lopez,Education,Strategy,1,103978
Tiffany Owens,IT-Hardware &,Top Management,18,95903
Troy Holloway,BPO Call,HR,12,34352
Connie Smith,Semiconductors Electronics,Purchase / Logistics / Supply Chain,15,70671
Rebecca Brown,Telcom ISP,Other Employment Type: Full Time,28,97421
Dawn Adams,IT-Software Software,eCommerce,30,103575
Sharon Carroll,Recruitment,eCommerce,24,30714
Amber Grant,Wellness Fitness,Beauty / Fitness / Spa Services,22,129607
Amanda Jenkins,Retail Wholesale,Beauty / Fitness / Spa Services,13,32599
Meagan Austin,Medical Healthcare,Strategy,19,100084
Tammy Rivera,Accounting Finance,DBA,13,81477
Kendra Harrison,Textiles Garments,Strategy,16,135560
Mrs. Jean Roberson,Retail Wholesale,Purchase / Logistics / Supply Chain,12,113298
Mariah Welch,Industrial Products,Other,22,75138
Michael Hensley,Insurance,IT Hardware,20,117747
Julie Garcia,Printing Packaging,Analytics & Business Intelligence,7,143249
Joann Bishop,Banking Financial,Other,8,103538
Peggy Taylor,IT,Teaching,20,85627
April Ortiz,Banking Financial,Analytics & Business Intelligence,5,144760
Edward Sexton,Automobile Auto,Export,29,60268
Becky Thomas,Recruitment,Architecture,9,38956
Melissa Rodriguez,Export Import,Architecture,30,118660
Brandon Woods,Media,Legal,18,79579
Daniel Brooks,Accounting Finance,Purchase / Logistics / Supply Chain,18,94257
Kristina Smith,Energy,Design,21,44494
Kyle Nelson,Consumer Electronics,Financial Services,20,111298
Christopher Beck,Animation Gaming,IT Hardware,14,54056
Maria Baker,Electricals Switchgears,Journalism,6,45912
Tina Peterson,Accounting Finance,Other Employment Type: Full Time,28,53236
Crystal Thompson MD,Strategy Management,eCommerce,3,87368
Kenneth King,Recruitment,Top Management,0,125260
Alexander Thompson,Wellness Fitness,Mobile,18,140346
Shannon Boyer,Education,Purchase / Logistics / Supply Chain,13,57321
Laura Rose,Export Import,Sales,9,141327
Larry Roach,Recruitment,Other Employment Type: Full Time,15,115636
Kevin Jones,Insurance,Marketing,21,44909
Thomas Klein,Export Import,DBA,12,76695
Michael Russell,Insurance,Mobile,24,94503
Clinton Hernandez Jr.,Animation Gaming,Beauty / Fitness / Spa Services,1,149050
Victoria Richardson,Publishing,Production,30,103803
Randy Bonilla,Travel Hotels,Purchase / Logistics / Supply Chain,11,91433
David Hill,Telcom ISP,Travel,22,149596
Anthony Nelson,Media,CSR & Sustainability,20,43844
Nicole Campbell,Facility Management,QA & Testing,8,31244
Mike Edwards,Export Import,QA & Testing,2,85224
Mary Burton,Animation Gaming,Marketing,18,53012
Michael Green,Pharma Biotech,Other,21,85859
Hannah Johnson,IT-Software Software,Travel,10,75497
James Hanson,Banking Financial,Strategy,8,36974
Jonathan Wade,NGO Social,Marketing,28,128037
Brent Munoz,Telcom ISP,DBA,22,83289
Darryl Lyons,Other,Export,24,55543
Mr. Timothy Williams,Automobile Auto,Strategy,1,148049
Steven Taylor,Education Teaching,Other,0,68470
James Fletcher,Security Law,HR,21,70554
Chad Jones,BPO Call,Telecom Software,18,119633
Robert Schmidt,Accounting Finance,eCommerce,13,141165
Crystal Martinez,Banking Financial,Purchase / Logistics / Supply Chain,3,147947
Susan Manning,FMCG Foods,Architecture,25,100794
William Walker,Education,Travel,19,50882
Sylvia Faulkner,Insurance,Travel,10,104487
Christina Martin,Aviation Aerospace,Marketing,4,33364
Jacqueline Flores,Telecom ISP,Production,2,92226
Belinda Martinez,Internet Ecommerce,QA & Testing,18,115848
Chase Smith,Internet Ecommerce,Architecture,11,50198
Gloria Day,Pharma Biotech,Financial Services,23,135881
Nicholas Pierce,Industrial Products,Executive Assistant,24,62348
Sarah Patel,Automobile Auto,Telecom Software,0,44663
David Smith,Accounting Finance,Teaching,0,64355
David Washington,Aviation Aerospace,Network Administration,12,115626
Christopher Winters,Internet Ecommerce,Analytics & Business Intelligence,15,88012
Kathryn Levy,Industrial Products,Architecture,10,101538
Andrew Wagner,Construction Engineering,Production,25,50302
Lisa Spencer,BPO Call,Travel,6,101511
Morgan Woods,Government Defence,Strategy,17,89295
Darryl Baker,Energy,IT Hardware,28,47567
Crystal Mcdowell,Recruitment,Application Programming,10,31354
Elizabeth Jackson,Export Import,Analytics & Business Intelligence,8,104233
David Wallace,Insurance,DBA,27,147986
Daniel Lewis,Printing Packaging,Other,6,51492
Logan Andrews,Telcom ISP,Journalism,29,148345
Elizabeth Kidd,Banking Financial,Beauty / Fitness / Spa Services,30,78130
Katherine Ramirez,Education Teaching,Top Management,14,35804
Kaitlyn Johnson,Wellness Fitness,ITES,18,110553
Laurie Todd,Pharma Biotech,Legal,28,39955
Amy Anderson,Government Defence,Beauty / Fitness / Spa Services,0,107034
Stacey Brown,Logistics,Hotels,12,136879
Katherine Anderson,Logistics,Architecture,4,130023
Stephen Graham,Architecture Interior,Application Programming,29,129610
Sarah Hernandez,Logistics,Analytics & Business Intelligence,27,103914
Kelli Perez,Telcom ISP,ERP,26,122269
Timothy Murphy,Printing Packaging,Other,14,115370
Jerry Mccarthy,Education Teaching,Telecom Software,8,82943
Frederick Brown,Retail Wholesale,Analytics & Business Intelligence,10,85886
Andrew May,Accounting Finance,Sales,21,53894
Mark Jackson,Strategy Management,Analytics & Business Intelligence,17,53936
Carlos Chang,Logistics,Medical,13,99668
Dr. Andrew Hall,Real Estate,Purchase / Logistics / Supply Chain,21,134590
Catherine Carter,Banking Financial,Supply Chain,9,134892
Cristina Johnson,Insurance,Architecture,27,34800
Diane Diaz,Textiles Garments,Hotels,5,123287
Tyler Browning,Advertising,Medical,16,103672
Lisa Andrews,Accounting Finance,IT Hardware,17,67847
Brady Roberson,Architecture Interior,Architecture,0,86977
Julie Welch,IT,Other,4,127604
Kimberly Butler,Media,System Programming,13,100097
Mark Johnson,Accounting Finance,Purchase / Logistics / Supply Chain,8,61266
Jacqueline Wright,Printing Packaging,Top Management,5,113793
Danielle Gomez,Semiconductors Electronics,Teaching,5,77107
Kathy Bowers,Export Import,Application Programming,20,72488
Jennifer Casey,BPO Call,Application Programming,14,118843
Janice Richards,BPO Call,HR,8,94489
Jennifer Jackson,Real Estate,Engineering Design,18,65441
James Robinson,Real Estate,Design,4,36545
Matthew Saunders,Chemicals PetroChemical,ITES,0,120894
Lisa Mccarthy PhD,Other,HR,1,41728
Amy Gonzalez,Retail Wholesale,Supply Chain,11,90917
Angela Jones,Strategy Management,Accounts,21,136255
Alisha Brown,Fresher Trainee,Engineering Design,27,36127
Mr. Nicholas Conley,IT-Software Software,eCommerce,14,76136
Matthew Cortez,IT-Software Software,Other,8,64413
Michele Herrera,Travel Hotels,Top Management,12,74992
Daniel Kelley,Education,Supply Chain,15,90201
Todd Howe,Publishing,Analytics & Business Intelligence,19,143340
George Woodward,Aviation Aerospace,Design,24,62903
Ashley Rowe,Telcom ISP,Other,20,64116
David Gonzalez,BPO Call,Application Programming,28,121531
Megan Lewis,Strategy Management,ERP,9,50241
Alexis Rich,Pharma Biotech,DBA,21,124258
Meredith Francis,Strategy Management,Journalism,18,149246
Julie Villa,Medical Healthcare,Production,9,52243
Christopher Hill,FMCG Foods,Telecom Software,30,51988
Regina Sheppard,Security Law,System Programming,12,105967
Joseph Parker,Publishing,Network Administration,30,107968
Michael Carroll,NGO Social,Beauty / Fitness / Spa Services,1,112267
Lisa Chapman,Printing Packaging,Journalism,7,48918
Kimberly Howell,Consumer Electronics,Executive Assistant,6,36330
Michael Potts,Media,CSR & Sustainability,26,64317
Mark Collins,Pharma Biotech,DBA,28,89152
Monique Brown,FMCG Foods,Top Management,4,69881
Richard Sullivan,Security Law,Purchase / Logistics / Supply Chain,22,129826
Marvin Mckay,Recruitment,Production,16,111488
Timothy Haynes,Construction Engineering,HR,24,60275
Frederick Clark Jr.,Advertising,eCommerce,22,124737
Edward Mccall,Energy,Network Administration,25,67697
Daniel Moore,IT-Software Software,CSR & Sustainability,15,125265
David Harvey,Strategy Management,Beauty / Fitness / Spa Services,18,45733
Robert Wiley,Insurance,Sales,12,127798
Steven Rocha,Recruitment,Executive Assistant,12,149556
Stephanie Jackson,BPO Call,Top Management,13,47697
John Taylor,BPO Call,Executive Assistant,4,77072
Mary Sullivan,Telecom ISP,Teaching,20,109138
Carla Gomez,Construction Engineering,ERP,21,65094
Dr. Charles Mcknight,BPO Call,Design,28,98151
Ethan Barber,Electricals Switchgears,DBA,14,123062
Stephen Marshall,Printing Packaging,Beauty / Fitness / Spa Services,6,119699
Lisa Johnson,Accounting Finance,Application Programming,9,56923
Tony King,Other,Executive Assistant,0,67009
Jonathan Walker,Accounting Finance,Top Management,15,137861
Thomas Anderson,Iron and,Production,30,116412
Mario Fernandez,Facility Management,Sales,26,109490
Emily Cruz,FMCG Foods,Design,19,59533
Angela Whitney,BPO Call,QA & Testing,25,87762
Ann Carey,Medical Healthcare,Other Employment Type: Full Time,22,92302
Steven Jackson,NGO Social,Other Employment Type: Full Time,5,46432
Charles Gray,Architecture Interior,QA & Testing,16,78085
Amy Barrera,Accounting Finance,Medical,23,84619
Angela Crane,IT-Hardware &,Hotels,10,140375
Jennifer Beltran,Logistics,Legal,4,89192
Amanda Hall,Strategy Management,Embedded,18,62388
Anne Powell,Automobile Auto,Export,20,70569
Albert Crosby,Textiles Garments,Beauty / Fitness / Spa Services,19,55570
Nathan Vega,Banking Financial,Mobile,20,86399
Christopher Bates,Banking Financial,Strategy,12,110321
Paul Underwood,Facility Management,Strategy,26,118366
Julia Neal,Retail Wholesale,Design,13,106632
Thomas Brooks,Iron and,CSR & Sustainability,16,108877
Samantha Zimmerman,Internet Ecommerce,eCommerce,24,31565
Brittany Adams,Wellness Fitness,Beauty / Fitness / Spa Services,3,145654
Jocelyn Rhodes,Iron and,ERP,17,88316
Sean Johnson,Medical Healthcare,Purchase / Logistics / Supply Chain,29,147356
Mercedes Shaw,BPO Call,Architecture,19,67020
Anthony Morton,IT-Hardware &,Sales,6,41406
Zachary Baker MD,Logistics,Telecom Software,5,50759
Miranda Patton,Accounting Finance,Production,1,37671
Erica Roberts,Telecom ISP,Network Administration,7,132176
Courtney Lucas,Telcom ISP,Production,28,110812
Tammy Gray,Pharma Biotech,Beauty / Fitness / Spa Services,1,80102
Mr. Charles Perkins,Printing Packaging,QA & Testing,16,125737
John Smith,Industrial Products,Marketing,26,56873
Elizabeth Keller,Strategy Management,CSR & Sustainability,11,42367
Heather Williams,Construction Engineering,Accounts,13,75702
Charles Lucas,Banking Financial,Supply Chain,17,87083
Lori Thomas,Telecom ISP,Engineering Design,7,85586
Kiara Rodriguez,Other,Sales,27,115821
Theodore Wells,Other,Production,19,89927
Emily Thomas,Strategy Management,Other,19,136424
Erik Cameron,Publishing,Mobile,4,125036
Samantha Fleming,FMCG Foods,Engineering Design,18,148901
Jade Mcdonald,FMCG Foods,Travel,20,62572
Grace Dillon,Architecture Interior,Top Management,8,132676
Michael Jones,Pharma Biotech,Legal,17,59001
Mark Thomas,Automobile Auto,Telecom Software,27,61972
Harry Marshall,Animation Gaming,CSR & Sustainability,2,101420
Connie Brown,Aviation Aerospace,Purchase / Logistics / Supply Chain,13,83065
Julie Santos,FMCG Foods,Beauty / Fitness / Spa Services,22,114570
Ashley Sanchez,Consumer Electronics,HR,9,134048
Tiffany Thompson,IT,Top Management,11,123897
Bill Coleman,Logistics,Network Administration,10,39333
Robert Williams,Animation Gaming,Architecture,29,112432
Tyler Klein,Real Estate,Hotels,12,76196
Erin Blair,Medical Healthcare,Export,21,145512
Monique Irwin,Accounting Finance,HR,26,98793
Marissa Mcdaniel,Wellness Fitness,DBA,7,36727
Mark Cisneros,Other,Design,13,113337
Regina Joyce,Aviation Aerospace,Embedded,18,113475
Brianna Thompson,FMCG Foods,Journalism,6,88952
Veronica Horton,BPO Call,Purchase / Logistics / Supply Chain,19,54139
Teresa Solomon,Logistics,Other,28,129531
Jeremy Sanders,Strategy Management,Travel,16,36719
Loretta Landry,FMCG Foods,Purchase / Logistics / Supply Chain,9,75080
Andrew Garcia,Textiles Garments,ITES,22,120960
Scott Bennett,IT-Software Software,Production,5,131442
Stephen Cooper,Strategy Management,Other,30,39760
Joshua Lopez,Telecom ISP,eCommerce,16,51181
Steven Walker,Strategy Management,Other Employment Type: Full Time,6,113445
Loretta Pugh,Energy,ITES,14,99060
Ian Ryan,FMCG Foods,Site Engineering,14,116303
Linda Sanchez,Publishing,Other,30,81081
Felicia Reynolds,Telcom ISP,Network Administration,22,74067
Cynthia Lewis,Advertising,Travel,17,55496
Daniel Wiley,Banking Financial,Mobile,24,68403
Ashlee Johnson,Medical Healthcare,Sales,0,66962
Elizabeth Green,Consumer Electronics,Beauty / Fitness / Spa Services,3,30600
Sarah Anderson,Accounting Finance,Architecture,6,56477
Lori Lowe,Pharma Biotech,QA & Testing,1,78955
Stephen Mitchell,Architecture Interior,Other,10,130712
Chad Thompson,Animation Gaming,QA & Testing,25,149007
Joseph Li,Banking Financial,Embedded,8,121300
Brendan Jenkins,Internet Ecommerce,QA & Testing,18,148023
Lisa Bishop,Internet Ecommerce,Strategy,2,52737
Jessica Smith,Education,Beauty / Fitness / Spa Services,5,129945
David Ortiz,Export Import,ITES,8,138401
Michael Fisher,BPO Call,ERP,2,128357
Marc Nunez,Recruitment,Travel,26,55164
Steven Bruce,Printing Packaging,Other Employment Type: Full Time,8,138623
Evan Robertson,Security Law,Strategy,6,67097
Norman Mcbride III,Textiles Garments,Teaching,8,105720
Kevin Smith,Electricals Switchgears,Embedded,1,43324
Debra Smith,Strategy Management,Journalism,16,144326
Wendy Mckinney,FMCG Foods,Travel,6,142114
William Stanley,Strategy Management,ERP,26,43931
Lauren Todd,Strategy Management,Other,20,34210
Veronica Johnson,Banking Financial,Marketing,9,52710
David Davis,Government Defence,Hotels,29,54691
Grace Patton,Fresher Trainee,Other Employment Type: Full Time,2,95181
Ryan Snyder,Fresher Trainee,Other,6,82828
Colleen Nichols,NGO Social,Embedded,29,85366
Carrie Anderson,Pharma Biotech,System Programming,11,107097
Elizabeth Gonzalez,KPO Research,ITES,13,60600
Jason Wilson,Accounting Finance,Site Engineering,6,112608
John Guzman,Export Import,Supply Chain,9,50885
Cody Hart,IT-Hardware &,Embedded,7,132722
Kristen Williams,Pharma Biotech,Network Administration,16,108815
William Gardner DDS,KPO Research,Application Programming,11,118247
Sarah Olson,Medical Healthcare,System Programming,25,47756
Kristin Smith,Banking Financial,Architecture,23,50307
Garrett Thompson,Banking Financial,Analytics & Business Intelligence,17,53639
Brenda Mason,Education,System Programming,26,117706
Jeremiah Fisher,Export Import,Journalism,17,149201
Lori Zavala,FMCG Foods,Supply Chain,3,90858
Nathaniel Scott,KPO Research,DBA,13,90522
Paul Webb,KPO Research,Medical,16,44850
Daniel Higgins,Real Estate,Architecture,5,81360
Tamara Hines,Wellness Fitness,Other,30,132635
Bridget Smith,Accounting Finance,Production,16,136146
Isaac Brown,Architecture Interior,Engineering Design,0,38970
Michael Stephens,Industrial Products,Design,22,137762
Christopher Meyer,Energy,HR,12,79755
Ryan Butler,Pharma Biotech,Teaching,7,55553
Gary Day,Recruitment,Telecom Software,13,40433
Donald Lopez,Media,Production,11,71323
Adrian Chapman,Travel Hotels,Other,11,36215
Katrina Williams,Media,Sales,6,75380
Bradley Lopez,Automobile Auto,Top Management,21,114374
Jose Tyler,Banking Financial,Marketing,1,106293
Benjamin Silva,Advertising,Marketing,16,107769
Catherine Odom,FMCG Foods,Application Programming,30,48118
Karen Brown,Aviation Aerospace,Engineering Design,17,55899
Andrea Brown,Accounting Finance,System Programming,12,31350
Jorge Wong,Advertising,System Programming,30,148135
David Castillo,Energy,Network Administration,8,80425
Daniel Carlson,Wellness Fitness,Top Management,5,101540
Brenda Phillips,Pharma Biotech,HR,25,59311
Ronald Liu,Media,Engineering Design,27,78787
Melissa Anderson,Export Import,Marketing,13,87235
Brian Lamb,Education,Embedded,4,93940
William Kim,Banking Financial,Site Engineering,24,44089
Melanie Hale,Telcom ISP,Export,18,145114
Cathy Richardson,Banking Financial,Site Engineering,15,36075
Karen White,BPO Call,Analytics & Business Intelligence,7,67653
Michael Ramirez,Animation Gaming,Legal,10,113088
John Ellison,Iron and,Beauty / Fitness / Spa Services,24,32220
Emily Riley,Pharma Biotech,Supply Chain,22,79539
Sarah Johnson,Other,ITES,21,73050
Elizabeth Peterson,Export Import,Telecom Software,25,77417
Joshua Krause,Chemicals PetroChemical,Hotels,19,140523
Gabrielle Calhoun,BPO Call,Architecture,10,106458
Lori Brown,Pharma Biotech,Network Administration,2,83596
Andre Cox,Recruitment,IT Hardware,29,105779
Michael Jackson,Strategy Management,HR,0,146825
Jason Brady,Accounting Finance,Teaching,17,99344
Jay Rios,Strategy Management,Application Programming,21,126272
Jason Cohen,Recruitment,Telecom Software,25,149293
Daniel Ramirez,Education Teaching,ITES,29,79393
Kristen Chavez,Banking Financial,Design,2,58650
Miss Kimberly Scott,Architecture Interior,Telecom Software,9,134408
Holly Williams,Other,Financial Services,2,139289
Hannah Weber,Aviation Aerospace,Site Engineering,1,74202
Austin Baker,Chemicals PetroChemical,Network Administration,16,86459
Rachel Mcdaniel,Insurance,Production,19,96866
Michael Francis,Government Defence,Other,7,52576
Steven Griffin,Accounting Finance,Other Employment Type: Full Time,2,74503
Jacob Johnston,Retail Wholesale,Supply Chain,13,86344
Victoria Smith,Education Teaching,Architecture,15,110949
Carolyn Leonard,Automobile Auto,Embedded,22,118851
Heidi Gonzalez,IT,Marketing,1,49705
Erika Rogers,Travel Hotels,Application Programming,1,111602
Gregory Bryant,Architecture Interior,Travel,15,58146
Kimberly Wilson,Accounting Finance,Beauty / Fitness / Spa Services,15,122442
Paul Price,Chemicals PetroChemical,Teaching,3,140408
Cindy Hogan,Animation Gaming,Site Engineering,30,51573
David Weber,Telcom ISP,Mobile,6,121288
Keith Reynolds,Pharma Biotech,Other,13,88875
Donna Powell,IT-Software Software,Marketing,30,82796
Jessica Fletcher,Semiconductors Electronics,Analytics & Business Intelligence,0,39494
Michael Larson,Chemicals PetroChemical,eCommerce,16,73229
Alexis Walsh,Export Import,Engineering Design,12,74380
Clinton Cooley,Construction Engineering,Strategy,15,115770
James Lee,Telecom ISP,Top Management,6,56084
Shane Moore,Real Estate,Travel,0,39642
Zachary Brooks,Telcom ISP,Supply Chain,14,92795
Diana Smith,Strategy Management,Accounts,4,122051
Leslie Stevens,Energy,eCommerce,15,111350
Michael Caldwell,IT,Medical,23,54452
Kimberly Barnes,Telcom ISP,Financial Services,18,109207
Jill Duffy,Pharma Biotech,Design,11,83790
Elizabeth Snyder,Strategy Management,Financial Services,7,50798
Sarah Potts DDS,Banking Financial,QA & Testing,12,108009
Kevin Frost,FMCG Foods,Network Administration,4,116535
Jack Lopez,Electricals Switchgears,Teaching,12,82684
Hannah Anthony,Construction Engineering,Application Programming,28,128520
Mr. James Strickland,Strategy Management,eCommerce,3,62705
Carl Kelly,Aviation Aerospace,Supply Chain,19,95598
Mary Little,Chemicals PetroChemical,Design,10,68247
Charles Alexander,Aviation Aerospace,System Programming,30,114499
Catherine Rose,Insurance,Other,23,57782
Benjamin Miller,IT-Hardware &,Mobile,5,91463
Andrea Smith,BPO Call,Other Employment Type: Full Time,7,102792
Ryan Ramos,Recruitment,Medical,11,86219
Brianna Stephens,Other,Architecture,21,47302
Lisa Robinson,IT,Embedded,0,130297
Brian Lopez,IT-Software Software,Telecom Software,1,105212
Theresa Turner,Internet Ecommerce,CSR & Sustainability,30,104115
John Snyder,Retail Wholesale,Supply Chain,18,79949
Richard Hanson,Semiconductors Electronics,Production,3,93045
Carrie Castaneda,Electricals Switchgears,Sales,23,78945
Roy Brown,Energy,Other Employment Type: Full Time,7,49959
John Miller,Banking Financial,IT Hardware,24,133517
Rachel Hines,IT-Hardware &,Teaching,13,100745
Diana Carter,Accounting Finance,ITES,21,102536
Thomas Olson,Export Import,IT Hardware,10,101114
Joseph Thompson,IT,Supply Chain,15,60288
Caitlyn Levy,Education Teaching,Site Engineering,26,141392
Heather Alvarez,Medical Healthcare,Architecture,7,143240
Monica Odom,Pharma Biotech,Marketing,9,32273
Scott Vazquez,Travel Hotels,System Programming,26,139067
Ryan Rocha,Strategy Management,Strategy,23,149966
William Weber,BPO Call,Other,7,114112
Rachel Santiago,Banking Financial,Supply Chain,5,92221
Maurice Brown PhD,Strategy Management,Travel,15,107216
Amanda Weber,Facility Management,QA & Testing,25,44086
John Miller,Pharma Biotech,QA & Testing,18,52757
Angela White,Telcom ISP,Application Programming,14,122810
Ricardo Carr,Strategy Management,Other,30,139744
John Tucker,Energy,IT Hardware,17,116698
Jeffrey Mendez,Banking Financial,Financial Services,24,89381
Nicholas Rivera,Accounting Finance,Design,17,108343
Jimmy Avila,Automobile Auto,Design,24,75506
Katherine Morgan,BPO Call,CSR & Sustainability,15,69840
Courtney Eaton,Textiles Garments,Other,1,110131
Michael Roy,Telecom ISP,Engineering Design,25,146060
Kristen Williams PhD,Medical Healthcare,ITES,8,60220
Suzanne Velez,Construction Engineering,Purchase / Logistics / Supply Chain,9,82957
Anne Rodriguez,Fresher Trainee,Beauty / Fitness / Spa Services,7,88811
Michael Williams DDS,BPO Call,ITES,27,36035
Lori Webb,Banking Financial,DBA,22,50367
Michael Clark,Telcom ISP,Application Programming,27,140964
Joshua Smith,Publishing,Embedded,23,107771
Mr. Bradley Taylor MD,Recruitment,Site Engineering,23,46944
Alexander Martinez,Banking Financial,Design,4,40434
William Jennings,Medical Healthcare,Hotels,13,31451
Amanda Oliver,FMCG Foods,Export,9,81169
Amy Williams,Export Import,Export,25,112752
Linda Hull,Government Defence,Export,27,101656
Jennifer Manning,Wellness Fitness,Medical,17,70758
Jonathon Lowery Jr.,NGO Social,Supply Chain,4,50304
Brenda Simon,NGO Social,Strategy,25,149152
Christopher Santos,Real Estate,Supply Chain,11,111718
Steven Harris,Industrial Products,IT Hardware,11,113680
Lisa Atkins,Education,DBA,30,121723
Melissa Alexander,Banking Financial,Export,10,30090
Jeffrey Beck,Fresher Trainee,Hotels,29,50359
Betty Jordan,Chemicals PetroChemical,QA & Testing,7,80918
Joseph Montoya,Security Law,Other Employment Type: Full Time,2,142398
Kari Fischer,Banking Financial,Teaching,3,37168
Paul Baldwin,Semiconductors Electronics,Mobile,22,87507
Heather Harris,BPO Call,System Programming,3,117308
Terrence Jacobson,Travel Hotels,ERP,28,86181
Anne Davidson,KPO Research,ITES,2,67835
Gary Smith,Wellness Fitness,Teaching,28,72360
Tonya Davis,Media,Teaching,16,93457
Ashley Bean,Accounting Finance,Strategy,12,115052
Derek Green,Consumer Electronics,QA & Testing,25,103449
Paul Robinson,Banking Financial,Accounts,1,78601
Donna Travis,Banking Financial,IT Hardware,11,72441
Robert West,BPO Call,Other,11,85317
Elizabeth Davis,Accounting Finance,Design,7,56988
Emily Montgomery,Strategy Management,Executive Assistant,4,140983
Shelia Bennett,Electricals Switchgears,ERP,13,90146
Ronald Gonzales,Media,Analytics & Business Intelligence,0,104441
Alexander Vang,Electricals Switchgears,Journalism,23,88895
Katie Campbell,Other,Other,19,61903
Allen Simpson,IT-Hardware &,Engineering Design,3,54216
Susan Harrington,Architecture Interior,Journalism,25,124008
Nancy Johnson,IT,Architecture,26,124463
Brenda Mendez,Publishing,Purchase / Logistics / Supply Chain,17,62656
Nathan Cox,Industrial Products,Executive Assistant,16,71481
Kelly West,KPO Research,HR,29,59061
Donna Atkinson,Consumer Electronics,eCommerce,23,45893
Tina Cardenas,Industrial Products,ERP,22,30185
Christina Grant,Media,Beauty / Fitness / Spa Services,17,65799
Christopher Hernandez,Security Law,Site Engineering,10,96861
Jason Burnett,Industrial Products,Engineering Design,8,31739
James Edwards,FMCG Foods,CSR & Sustainability,4,41540
Eric Sandoval,Electricals Switchgears,Other,17,58066
Angela Beck,Export Import,Engineering Design,7,62424
Timothy Branch,Printing Packaging,Other Employment Type: Full Time,30,122292
Sandy Lindsey,Education,Telecom Software,25,121543
Nathan Ramirez,IT-Hardware &,Production,3,67018
Angela Gonzalez,Printing Packaging,Beauty / Fitness / Spa Services,13,52799
Jordan Velazquez,Retail Wholesale,System Programming,12,130315
Brenda Meza,FMCG Foods,HR,17,80159
Patrick Little,Architecture Interior,Medical,28,30986
Cynthia Gutierrez,Strategy Management,HR,22,81154
Mr. Matthew Calhoun,Strategy Management,Export,2,92300
Bryan Baldwin,Banking Financial,Financial Services,27,103732
Anthony Castillo,BPO Call,Financial Services,24,137799
David Lyons,Iron and,Other,0,137608
John Smith,Pharma Biotech,Purchase / Logistics / Supply Chain,13,62220
James Johnson,Wellness Fitness,Embedded,13,50917
Kevin Dudley,IT-Software Software,System Programming,14,92096
Mark Adams,IT-Software Software,Production,0,74286
Aaron Vasquez,Accounting Finance,Embedded,28,133820
Dawn Harding,Wellness Fitness,eCommerce,30,79664
Kristen Taylor,Logistics,Design,24,59327
Donna Perez,Internet Ecommerce,Architecture,14,38815
Heather Robbins,Electricals Switchgears,Strategy,22,144646
Vanessa May,IT-Software Software,Teaching,6,71980
Rebecca Aguilar,Insurance,Application Programming,6,101954
Mathew Porter,Banking Financial,Embedded,3,140298
Joseph Rubio,Pharma Biotech,ITES,18,75588
Joshua Simpson,Facility Management,Beauty / Fitness / Spa Services,3,135806
Jim Lopez,IT,Medical,5,77405
Patrick Rogers,Pharma Biotech,Travel,9,122203
Christopher Coleman,Energy,Export,29,108849
Robert Perez DVM,Facility Management,Hotels,16,54820
Micheal Mason,IT,Executive Assistant,14,76118
Terry Robinson,Travel Hotels,DBA,15,45114
Christina Young,Energy,Sales,2,52057
Melissa Bryant,KPO Research,Sales,7,76256
Shelley Brown,Strategy Management,Site Engineering,18,145059
Deborah Gaines,Telcom ISP,Marketing,6,127954
Susan Huff,Travel Hotels,Export,17,49690
Zachary Fleming,Retail Wholesale,eCommerce,8,90793
Sara Aguirre,Consumer Electronics,Teaching,0,63800
Mary Shelton,Pharma Biotech,Analytics & Business Intelligence,5,110463
Charlotte Gibson,IT,DBA,23,33353
Gerald Curtis,Advertising,Accounts,8,62604
Amanda Bonilla,Real Estate,IT Hardware,14,109068
Melinda Price,Consumer Electronics,Strategy,30,83519
Ashley Burton,IT-Software Software,Top Management,23,126173
Allison Kelly,Accounting Finance,Supply Chain,14,45270
Janet Scott,Electricals Switchgears,Travel,11,148990
Shane Herring,Energy,Telecom Software,9,78532
William Ibarra,BPO Call,Sales,2,30821
Barbara Martin,Printing Packaging,Sales,14,73504
Morgan Clay,Advertising,ERP,24,137755
Kathleen Payne,Advertising,Top Management,14,84146
Allen Shah,Logistics,QA & Testing,22,110729
Sabrina Elliott,Recruitment,Application Programming,13,61849
Michele Martinez,Iron and,Beauty / Fitness / Spa Services,30,38276
Martin Melton,Banking Financial,Other,21,33518
Sheri Barnes,Fresher Trainee,Strategy,13,72398
Thomas Hopkins,Real Estate,Legal,4,30744
Paul Jones,Architecture Interior,Purchase / Logistics / Supply Chain,23,88976
Susan Benson,Wellness Fitness,Application Programming,25,37621
Jessica Martinez,IT,Marketing,13,30728
Ernest Kennedy,FMCG Foods,Strategy,30,133625
Victor Hill,BPO Call,Accounts,10,133345
Michael Lynch,Banking Financial,Hotels,11,40556
Anna Stevens,Publishing,Top Management,13,133927
